{
  "best_value": 18.828000293970106,
  "best_params": {
    "learning_rate": 0.0005240560256573992,
    "gamma": 0.9702602968711365,
    "gae_lambda": 0.9395679925294935,
    "clip_range": 0.16125489590811867,
    "ent_coef": 0.00964993821445492,
    "vf_coef": 0.3790752751666761,
    "max_grad_norm": 0.6286310529764225,
    "n_steps": 512,
    "batch_size": 256,
    "fruitbot_reward_completion": 10.527469156989799,
    "fruitbot_reward_positive": 2.8789792291036553,
    "fruitbot_reward_negative": -0.6501082100096727,
    "fruitbot_reward_wall_hit": -2.9541645638231513,
    "fruitbot_reward_step": 0.04740863379446874
  },
  "n_trials": 20
}