{
  "trial_number": 13,
  "hyperparameters": {
    "learning_rate": 0.00032224086458128683,
    "gamma": 0.9815986275412533,
    "gae_lambda": 0.942918701394775,
    "clip_range": 0.327467085103922,
    "ent_coef": 0.01980987030406489,
    "vf_coef": 0.4684379298177153,
    "max_grad_norm": 0.9612423598402972,
    "n_steps": 512,
    "batch_size": 512,
    "fruitbot_reward_completion": 5.746404155787454,
    "fruitbot_reward_positive": 0.674760529908192,
    "fruitbot_reward_negative": -0.6023009048221493,
    "fruitbot_reward_wall_hit": -4.088260890126569,
    "fruitbot_reward_step": 0.06394684662708776
  },
  "mean_reward": 13.942000281661748,
  "std_reward": 11.305734780310532,
  "min_reward": -4.599999889731407,
  "max_reward": 31.500000715255737,
  "model_path": "models\\fruitbot\\20251224-050640_easy\\ppo_final.zip"
}